{"accuracy": [0.601377010345459, 0.8558544516563416, 0.915216863155365, 0.9398124814033508, 0.9555315375328064, 0.9647637605667114, 0.9700840711593628, 0.9745081663131714, 0.9799849390983582, 0.9810376167297363], "loss": [1.3505825996398926, 0.4485893249511719, 0.2631489634513855, 0.18426045775413513, 0.1373841017484665, 0.10841920226812363, 0.08943933248519897, 0.07803475111722946, 0.06230921670794487, 0.05936902388930321], "val_accuracy": [0.8410720229148865, 0.9120291471481323, 0.9316034913063049, 0.9469671249389648, 0.9533970355987549, 0.9618754982948303, 0.9570956826210022, 0.9609650373458862, 0.959656298160553, 0.96381014585495], "val_loss": [0.4999048709869385, 0.2734447717666626, 0.2077416628599167, 0.1667526364326477, 0.14404211938381195, 0.12221112102270126, 0.13644085824489594, 0.12694762647151947, 0.145474374294281, 0.12793225049972534]}